[
    {
        "value": "110000",
        "label": "北京市",
        "children": [
            {
                "value": "110000",
                "label": "北京市",
                "children": [
                    {
                        "value": "110101",
                        "label": "东城区"
                    },
                    {
                        "value": "110102",
                        "label": "西城区"
                    },
                    {
                        "value": "110105",
                        "label": "朝阳区"
                    },
                    {
                        "value": "110106",
                        "label": "丰台区"
                    },
                    {
                        "value": "110107",
                        "label": "石景山区"
                    },
                    {
                        "value": "110108",
                        "label": "海淀区"
                    },
                    {
                        "value": "110109",
                        "label": "门头沟区"
                    },
                    {
                        "value": "110111",
                        "label": "房山区"
                    },
                    {
                        "value": "110112",
                        "label": "通州区"
                    },
                    {
                        "value": "110113",
                        "label": "顺义区"
                    },
                    {
                        "value": "110114",
                        "label": "昌平区"
                    },
                    {
                        "value": "110115",
                        "label": "大兴区"
                    },
                    {
                        "value": "110116",
                        "label": "怀柔区"
                    },
                    {
                        "value": "110117",
                        "label": "平谷区"
                    },
                    {
                        "value": "110118",
                        "label": "密云区"
                    },
                    {
                        "value": "110119",
                        "label": "延庆区"
                    }
                ]
            }
        ]
    },
    {
        "value": "120000",
        "label": "天津市",
        "children": [
            {
                "value": "120000",
                "label": "天津市",
                "children": [
                    {
                        "value": "120101",
                        "label": "和平区"
                    },
                    {
                        "value": "120102",
                        "label": "河东区"
                    },
                    {
                        "value": "120103",
                        "label": "河西区"
                    },
                    {
                        "value": "120104",
                        "label": "南开区"
                    },
                    {
                        "value": "120105",
                        "label": "河北区"
                    },
                    {
                        "value": "120106",
                        "label": "红桥区"
                    },
                    {
                        "value": "120110",
                        "label": "东丽区"
                    },
                    {
                        "value": "120111",
                        "label": "西青区"
                    },
                    {
                        "value": "120112",
                        "label": "津南区"
                    },
                    {
                        "value": "120113",
                        "label": "北辰区"
                    },
                    {
                        "value": "120114",
                        "label": "武清区"
                    },
                    {
                        "value": "120115",
                        "label": "宝坻区"
                    },
                    {
                        "value": "120116",
                        "label": "滨海新区"
                    },
                    {
                        "value": "120117",
                        "label": "宁河区"
                    },
                    {
                        "value": "120118",
                        "label": "静海区"
                    },
                    {
                        "value": "120119",
                        "label": "蓟州区"
                    }
                ]
            }
        ]
    },
   
  {
    "value": "130000",
    "label": "河北省",
    "children": [
      {
        "value": "130100",
        "label": "石家庄市",
        "children": [
          {
            "value": "130102",
            "label": "长安区"
          },
          {
            "value": "130104",
            "label": "桥西区"
          },
          {
            "value": "130105",
            "label": "新华区"
          },
          {
            "value": "130107",
            "label": "井陉矿区"
          },
          {
            "value": "130108",
            "label": "裕华区"
          },
          {
            "value": "130109",
            "label": "藁城区"
          },
          {
            "value": "130110",
            "label": "鹿泉区"
          },
          {
            "value": "130111",
            "label": "栾城区"
          },
          {
            "value": "130121",
            "label": "井陉县"
          },
          {
            "value": "130123",
            "label": "正定县"
          },
          {
            "value": "130125",
            "label": "行唐县"
          },
          {
            "value": "130126",
            "label": "灵寿县"
          },
          {
            "value": "130127",
            "label": "高邑县"
          },
          {
            "value": "130128",
            "label": "深泽县"
          },
          {
            "value": "130129",
            "label": "赞皇县"
          },
          {
            "value": "130130",
            "label": "无极县"
          },
          {
            "value": "130131",
            "label": "平山县"
          },
          {
            "value": "130132",
            "label": "元氏县"
          },
          {
            "value": "130133",
            "label": "赵县"
          },
          {
            "value": "130181",
            "label": "辛集市"
          },
          {
            "value": "130183",
            "label": "晋州市"
          },
          {
            "value": "130184",
            "label": "新乐市"
          }
        ]
      },
      {
        "value": "130200",
        "label": "唐山市",
        "children": [
          {
            "value": "130202",
            "label": "路南区"
          },
          {
            "value": "130203",
            "label": "路北区"
          },
          {
            "value": "130204",
            "label": "古冶区"
          },
          {
            "value": "130205",
            "label": "开平区"
          },
          {
            "value": "130207",
            "label": "丰南区"
          },
          {
            "value": "130208",
            "label": "丰润区"
          },
          {
            "value": "130209",
            "label": "曹妃甸区"
          },
          {
            "value": "130224",
            "label": "滦南县"
          },
          {
            "value": "130225",
            "label": "乐亭县"
          },
          {
            "value": "130227",
            "label": "迁西县"
          },
          {
            "value": "130229",
            "label": "玉田县"
          },
          {
            "value": "130281",
            "label": "遵化市"
          },
          {
            "value": "130283",
            "label": "迁安市"
          },
          {
            "value": "130284",
            "label": "滦州市"
          }
        ]
      },
      {
        "value": "130300",
        "label": "秦皇岛市",
        "children": [
          {
            "value": "130302",
            "label": "海港区"
          },
          {
            "value": "130303",
            "label": "山海关区"
          },
          {
            "value": "130304",
            "label": "北戴河区"
          },
          {
            "value": "130306",
            "label": "抚宁区"
          },
          {
            "value": "130321",
            "label": "青龙满族自治县"
          },
          {
            "value": "130322",
            "label": "昌黎县"
          },
          {
            "value": "130324",
            "label": "卢龙县"
          }
        ]
      },
      {
        "value": "130400",
        "label": "邯郸市",
        "children": [
          {
            "value": "130402",
            "label": "邯山区"
          },
          {
            "value": "130481",
            "label": "武安市"
          }
        ]
      },
      {
        "value": "130500",
        "label": "邢台市",
        "children": [
          {
            "value": "130502",
            "label": "襄都区"
          },
          {
            "value": "130581",
            "label": "南宫市"
          }
        ]
      },
      {
        "value": "130600",
        "label": "保定市",
        "children": [
          {
            "value": "130602",
            "label": "竞秀区"
          },
          {
            "value": "130684",
            "label": "高碑店市"
          }
        ]
      },
      {
        "value": "130700",
        "label": "张家口市",
        "children": [
          {
            "value": "130702",
            "label": "桥东区"
          },
          {
            "value": "130732",
            "label": "赤城县"
          }
        ]
      },
      {
        "value": "130800",
        "label": "承德市",
        "children": [
          {
            "value": "130802",
            "label": "双桥区"
          },
          {
            "value": "130881",
            "label": "平泉市"
          }
        ]
      },
      {
        "value": "130900",
        "label": "沧州市",
        "children": [
          {
            "value": "130902",
            "label": "新华区"
          },
          {
            "value": "130984",
            "label": "河间市"
          }
        ]
      },
      {
        "value": "131000",
        "label": "廊坊市",
        "children": [
          {
            "value": "131002",
            "label": "安次区"
          },
          {
            "value": "131082",
            "label": "三河市"
          }
        ]
      },
      {
        "value": "131100",
        "label": "衡水市",
        "children": [
          {
            "value": "131102",
            "label": "桃城区"
          },
          {
            "value": "131182",
            "label": "深州市"
          }
        ]
      }
    ]
  }

]